flux_fraction,E0-E0_GHz,E1-E0_GHz,E2-E0_GHz,E3-E0_GHz,E4-E0_GHz,E5-E0_GHz
0.0,0.0,8.758445262716315,8.979552616574537,11.002034349556386,16.932990026867834,19.571859621093175
0.005,0.0,8.730577629817358,9.006893796393129,11.002439826196285,16.931897034648365,19.572208410695332
0.01,0.0,8.668781244976865,9.067102759087774,11.00366422640337,16.928621577834427,19.57325139183925
0.015,0.0,8.594767867982672,9.138443351925616,11.005731664877107,16.923174157014554,19.57497846250786
0.02,0.0,8.515878486388718,9.21353325235248,11.008683011561121,16.915572079137746,19.57737298677356
0.025,0.0,8.434573122271864,9.28985314527258,11.012576905616601,16.905839174855245,19.580412087481452
0.03,0.0,8.351850160161039,9.366325987978204,11.017491159746733,16.8940054189481,19.584067039708682
0.035,0.0,8.268188256636547,9.442373334650881,11.023524522412147,16.8801064685885,19.588303750102224
0.04,0.0,8.183848259252827,9.51761136210426,11.030798728571012,16.864183136572763,19.593083304775046
0.045,0.0,8.09898713620904,9.591734727214039,11.039460707015989,16.846280817967973,19.598362567104953
0.05,0.0,8.013707028014217,9.664465374613979,11.049684714404613,16.826448888836588,19.60409480652661
0.055,0.0,7.9280786873086955,9.735527400588303,11.061674023807754,16.804740094964757,19.61023034013072
0.06,0.0,7.84215365890728,9.804634182182337,11.075661606580512,16.781209946975196,19.616717170412045
0.065,0.0,7.755971060071898,9.87148269362409,11.091909025326006,16.755916136080153,19.623501604629475
0.07,0.0,7.669561579346668,9.935753378534848,11.110702550992656,16.728917982243004,19.630528843733458
0.075,0.0,7.5829499542195045,9.99711539296558,11.132345428623344,16.700275923883826,19.637743531464825
0.08,0.0,7.496156573266915,10.055237464819207,11.15714540032429,16.670051055669866,19.645090256850093
0.085,0.0,7.409198551623492,10.109804278745484,11.18539722727827,16.63830471852332,19.652514005771376
0.09,0.0,7.32209047710921,10.160537273645657,11.21736112602521,16.605098143855983,19.65996055946323
0.095,0.0,7.234844943219028,10.207217265843347,11.25323958939687,16.570492152268198,19.667376839641573
0.1,0.0,7.147472939881927,10.249704942159173,11.293156476530783,16.534546905549547,19.674711201454393
0.105,0.0,7.059984146652355,10.287954790729852,11.337142758954084,16.49732170979371,19.681913676591623
0.11,0.0,6.972387157281147,10.322019044972311,11.385132317773095,16.45887486675689,19.688936169704277
0.115,0.0,6.884689654925361,10.352040592908214,11.436968819759716,16.41926357022886,19.695732611819597
0.12,0.0,6.796898551112769,10.378236621931187,11.492421888243971,16.378543844087257,19.702259074730648
0.125,0.0,6.709020097592775,10.400876815243846,11.551208742371093,16.33677051885032,19.708473850440562
0.13,0.0,6.621059977558863,10.420260464740066,11.613016932141859,16.293997243875886,19.714337499697255
0.135,0.0,6.533023380934081,10.43669603466213,11.677524628599217,16.250276532861832,19.71981287349893
0.14,0.0,6.4449150671709114,10.450485192688623,11.744416447057631,16.205659840956702,19.724865111226443
0.145,0.0,6.356739418147246,10.461911849213443,11.813394257569534,16.160197672587355,19.729461618785695
0.15,0.0,6.268500483116493,10.471235727661309,11.88418345475385,16.113939720059747,19.733572029850027
0.155,0.0,6.180202017217248,10.478689499607338,11.956535647870814,16.06693503410807,19.73716815299215
0.16,0.0,6.091847514716112,10.484478429061653,12.030228820768453,16.019232228901185,19.740223907198263
0.165,0.0,6.0034402379090315,10.48878160367186,12.105065876892084,15.970879725628752,19.742715247978428
0.17,0.0,5.9149832424180815,10.491754046175565,12.180872267464537,15.92192604076935,19.744620086021246
0.17500000000000002,0.0,5.826479399477922,10.493529213906427,12.25749318440084,15.872420127632925,19.74591820009974
0.18,0.0,5.73793141569747,10.494221570755233,12.334790620082572,15.82241178295164,19.746591145715428
0.185,0.0,5.649341850692947,10.493929046253214,12.412640462016785,15.771952134432375,19.74662216076501
0.19,0.0,5.560713132924045,10.49273528529406,12.490929696325587,15.72109423065409,19.745996069338204
0.195,0.0,5.472047574011454,10.490711648821051,12.569553730097734,15.669893762022438,19.74469918459084
0.2,0.0,5.383347381768958,10.48791895983771,12.648413798834088,15.618409951424198,19.74271921149333
0.20500000000000002,0.0,5.294614672154205,10.484409007946887,12.727414392915588,15.566706666842578,19.740045150125464
0.21,0.0,5.205851480310649,10.480225834816228,12.806460609104963,15.514853827028801,19.736667200067615
0.215,0.0,5.117059770856201,10.475406826349046,12.885455303530795,15.462929197618797,19.73257666633414
0.22,0.0,5.028241447553882,10.469983637386422,12.96429588567164,15.411020712041323,19.727765867194968
0.225,0.0,4.9393983624889914,10.463982973080018,13.042870542376367,15.35922950380434,19.722228044140866
0.23,0.0,4.850532324867196,10.45742724858552,13.121053609437196,15.307673910803478,19.715957274165003
0.23500000000000001,0.0,4.761645109539682,10.450335146012055,13.198699706135873,15.256494817153037,19.7089483844517
0.24,0.0,4.67273846535858,10.442722084902432,13.275636103596263,15.205862845311696,19.701196869489415
0.245,0.0,4.583814123463319,10.434600620091961,13.351652597507554,15.155988114003017,19.692698810550063
0.25,0.0,4.494873805599164,10.425980778631107,13.426487890694501,15.107133544687072,19.68345079740574
0.255,0.0,4.405919232570119,10.416870345599568,13.499811172426101,15.059633019793472,19.673449852078633
0.26,0.0,4.316952132936159,10.40727510705711,13.571197284518146,15.013915994354202,19.662693354348747
0.265,0.0,4.227974252069608,10.397199057038012,13.640093832655314,14.970540195623393,19.651178968661267
0.27,0.0,4.138987361698018,10.386644574392841,13.70577947102705,14.930233176718454,19.638904571995738
0.275,0.0,4.049993270073609,10.375612574351146,13.767315787944574,14.893940291643672,19.625868182162645
0.28,0.0,3.960993832926529,10.364102638926399,13.82350339022313,14.862868489690728,19.612067885892746
0.28500000000000003,0.0,3.8719909653828624,10.352113129648952,13.87286911459293,14.838498997327875,19.597501765963067
0.29,0.0,3.7829866550551543,10.339641285615498,13.9137344144724,14.822518836112701,19.582167826469682
0.295,0.0,3.6939829765473604,10.326683309416289,13.94442552103413,14.816610574938693,19.566063915190327
0.3,0.0,3.6049821076585022,10.313234443175931,13.963637529471379,14.822088163250553,19.549187641791693
0.305,0.0,3.515986347624345,10.29928903667507,13.970831162332686,14.839500091124094,19.531536290398773
0.31,0.0,3.426998137798381,10.284840609316142,13.966427506316354,14.868434577733147,19.51310672476408
0.315,0.0,3.33802008525703,10.269881907537302,13.951658350388529,14.907669158350481,19.493895283926452
0.32,0.0,3.2490549899162753,10.25440495917794,13.928182769875844,14.955554023282382,19.473897665827078
0.325,0.0,3.160105875870711,10.23840112622351,13.89770709079412,15.010391972506893,19.45310879582354
0.33,0.0,3.071176027831908,10.221861157340348,13.86175132204256,15.070671896356153,19.431522676399663
0.335,0.0,2.982269033739337,10.204775241617828,13.821564145100654,15.135153690443143,19.4091322135606
0.34,0.0,2.893388834881147,10.187133065002424,13.778127801828115,15.202863261894468,19.385929014409765
0.34500000000000003,0.0,2.80453978518896,10.168923871008548,13.732199723912565,15.273050780749605,19.361903149161083
0.35000000000000003,0.0,2.71572672179827,10.15013652745844,13.684360923017834,15.345142154553546,19.337042869302785
0.355,0.0,2.626955049518106,10.130759601236264,13.635058782597586,15.418696081838,19.31133427171676
0.36,0.0,2.5382308425784075,10.110781443365997,13.584641047219085,15.493369884777255,19.284760896201448
0.365,0.0,2.4495609679720554,10.090190287160441,13.533381518413789,15.568893607468807,19.257303240948737
0.37,0.0,2.3609532359768934,10.068974362783825,13.481499052790074,15.64505077874162,19.228938177013823
0.375,0.0,2.2724165851343248,10.047122032379441,13.429171500559047,15.721664194936753,19.19963823861316
0.38,0.0,2.1839613112561844,10.024621951013211,13.376545941154276,15.798585358279889,19.16937076120899
0.385,0.0,2.0955993531582413,10.001463260199664,13.323746249172242,15.875686528277654,19.138096833910247
0.39,0.0,2.0073446521414673,9.977635822874342,13.270878749244153,15.952854616131267,19.105770027166642
0.395,0.0,1.9192136082706113,9.953130511626549,13.218036509656917,16.029986358353842,19.072334852012556
0.4,0.0,1.8312256650104755,9.927939566177303,13.165302674324048,16.10698435270363,19.03772490515492
0.405,0.0,1.7434040659552024,9.902057042084254,13.112753128654722,16.18375363943307,19.001860658714207
0.41000000000000003,0.0,1.6557768450218782,9.875479381369479,13.060458725915248,16.260198574531973,18.96464687121246
0.41500000000000004,0.0,1.5683781373972605,9.848206148606504,13.008487258844095,16.336219776809493,18.925969639562133
0.42,0.0,1.4812499371872345,9.820240995206795,12.956905341945014,16.411710941637907,18.88569320126248
0.425,0.0,1.3944444862940093,9.791592943795342,12.905780371766202,16.486555301937138,18.843656766760382
0.43,0.0,1.3080275692719496,9.762278129532678,12.855182758054578,16.560621478878595,18.799671970220892
0.435,0.0,1.222083130265158,9.732322205768217,12.805188675336424,16.633758393691988,18.753522058156953
0.44,0.0,1.1367198534042489,9.701763733894404,12.755883686992691,16.705788794432326,18.704964808152013
0.445,0.0,1.0520807131322842,9.670659059676195,12.707367769079015,16.776500764798016,18.65374252611311
0.45,0.0,0.9683571015154058,9.639089478481889,12.659762556030454,16.84563628920617,18.599604431409954
0.455,0.0,0.8858101385456036,9.607171991201454,12.613222125871829,16.91287549333613,18.542349308467053
0.46,0.0,0.8048034367633895,9.575075785193508,12.567949472229873,16.977814487801847,18.48189922590962
0.465,0.0,0.7258543226633226,9.543047940102142,12.524222173746644,17.039933754513232,18.418417797157577
0.47000000000000003,0.0,0.6497147338179947,9.511453966574932,12.482432877992045,17.09855284073207,18.352488016025998
0.47500000000000003,0.0,0.5774983882350939,9.48084147470198,12.443152904395191,17.152766605821427,18.285363834998222
0.48,0.0,0.5108730864626567,9.452036401030224,12.407228401610041,17.20136166547948,18.21930121485918
0.485,0.0,0.4523174842531297,9.426271461729936,12.375908732458495,17.242728591239388,18.157935089128703
0.49,0.0,0.405345080996379,9.405298203310027,12.35095846250447,17.274835083371745,18.106528381776
0.495,0.0,0.3743427666269855,9.39130632118221,12.334576626351836,17.295413599387306,18.071589195936173
0.5,0.0,0.36342136729146624,9.386348965358254,12.328821993896744,17.30253356481364,18.059099788453626
0.505,0.0,0.3743427664313762,9.391306320970527,12.334576626336899,17.295413599241012,18.071589194886545
0.51,0.0,0.40534508063530117,9.405298202901935,12.35095846248963,17.274835083034876,18.1065283797987
0.515,0.0,0.452317483767749,9.426271461146474,12.375908732463948,17.242728590652654,18.157935086416835
0.52,0.0,0.5108730858899746,9.452036400290563,12.407228401654063,17.201361664595623,18.21930121162854
0.525,0.0,0.5774983876021716,9.480841473820407,12.443152904490743,17.152766604613355,18.28536383146291
0.53,0.0,0.6497147331432466,9.511453965561786,12.482432878147726,17.098552839190482,18.352488012388456
0.535,0.0,0.7258543219590615,9.543047938964959,12.5242221739681,17.0399337526411,18.418417793601822
0.54,0.0,0.8048034360382412,9.575075783937951,12.56794947252061,16.977814485609457,18.481899222595104
0.545,0.0,0.8858101378051364,9.607171989831949,12.613222126233724,16.912875490837294,18.542349305524453
0.55,0.0,0.9683571007635944,9.639089477002239,12.659762556464646,16.845636286416575,18.599604428939987
0.555,0.0,1.0520807123718992,9.670659058089676,12.707367769586002,16.776500761733473,18.653742524188477
0.56,0.0,1.1367198526376279,9.701763732204395,12.755883687572545,16.70578879110818,18.70496480682109
0.5650000000000001,0.0,1.2220831294935848,9.73232220397755,12.805188675988791,16.633758390122807,18.75352205744785
0.5700000000000001,0.0,1.3080275684969513,9.762278127644592,12.855182758779307,16.56062147507805,18.799671970146214
0.5750000000000001,0.0,1.3944444855162585,9.791592941812487,12.905780372562544,16.486555297917405,18.843656767320425
0.58,0.0,1.4812499364076388,9.82024099313227,12.956905342812394,16.411710937410433,18.885693202449012
0.585,0.0,1.5683781366163592,9.84820614644325,13.008487259781866,16.336219772384347,18.925969641360084
0.59,0.0,1.6557768442402439,9.875479379120591,13.060458726922764,16.260198569918455,18.96464687360242
0.595,0.0,1.743404065173188,9.902057039752538,13.112753129731109,16.183753634639302,19.001860661673078
0.6,0.0,1.8312256642285674,9.927939563765952,13.165302675468746,16.106984347737182,19.037724908657587
0.605,0.0,1.9192136074890467,9.953130509138521,13.218036510869137,16.02998635322144,19.072334856032008
0.61,0.0,2.0073446513605053,9.977635820312754,13.270878750523195,15.95285461083886,19.10577003167479
0.615,0.0,2.0955993523781133,10.001463257567572,13.323746250517365,15.875686522830794,19.138096838878116
0.62,0.0,2.183961310477204,10.02462194831383,13.376545942564563,15.79858535268381,19.16937076660721
0.625,0.0,2.2724165843566366,10.047122029615599,13.429171502033407,15.721664189196195,19.199638244411798
0.63,0.0,2.3609532352006153,10.068974359958817,13.481499054327108,15.645050772861483,19.228938183182777
0.635,0.0,2.449560967197474,10.09019028427727,13.533381520011673,15.568893601454157,19.2573032474578
0.64,0.0,2.538230841805542,10.11078144042769,13.584641048874854,15.49336987863354,19.284760903020153
0.645,0.0,2.6269550487471998,10.130759598245918,13.63505878430714,15.418696075572141,19.311334278814982
0.65,0.0,2.7157267210293603,10.150136524419198,13.684360924774735,15.345142148174093,19.337042876650084
0.655,0.0,2.804539784422374,10.168923867923464,13.732199725707321,15.27305077426833,19.36190315672731
0.66,0.0,2.893388834116786,10.187133061874322,13.778127803645974,15.202863255327982,19.38592902216491
0.665,0.0,2.9822690329774226,10.204775238449804,13.821564146919245,15.135153683815423,19.409132221474827
0.67,0.0,3.0711760270726045,10.221861154135391,13.86175132382842,15.070671889702629,19.431522684443223
0.675,0.0,3.1601058751140214,10.238401122984612,13.897707092497157,15.010391965878988,19.45310880396715
0.68,0.0,3.249054989162354,10.254404955907857,13.928182771424217,14.95555401675355,19.47389767404173
0.685,0.0,3.3380200845059598,10.269881904239243,13.951658351683514,14.907669152020693,19.493895292183666
0.6900000000000001,0.0,3.4269981370502234,10.284840605992832,13.966427507233954,14.868434571727834,19.513106733035556
0.6950000000000001,0.0,3.515986346879242,10.299289033329524,13.970831162735655,14.839500085581582,19.531536298656977
0.7000000000000001,0.0,3.604982106916602,10.313234439810714,13.963637529235829,14.822088158295948,19.54918765000957
0.705,0.0,3.693982975808721,10.326683306034703,13.94442552007946,14.816610570653943,19.566063923341687
0.71,0.0,3.782986654319924,10.3396412822202,13.91373441277803,14.822518832519439,19.58216783452888
0.715,0.0,3.8719909646509585,10.352113126242775,13.872869112192289,14.83849899439346,19.597501773905403
0.72,0.0,3.960993832198092,10.364102635512172,13.823503387183312,14.862868487349196,19.612067893694288
0.725,0.0,4.049993269348725,10.375612570931818,13.767315784345033,14.893940289816637,19.62586818980081
0.73,0.0,4.138987360976819,10.386644570971013,13.705779466944717,14.93023317532968,19.638904579448706
0.735,0.0,4.227974251352094,10.397199053616692,13.640093828158488,14.97054019460549,19.65117897590856
0.74,0.0,4.316952132222468,10.407275103639126,13.571197279664101,15.013915993650738,19.66269336137116
0.745,0.0,4.405919231860322,10.416870342187845,13.499811167261804,15.059633019358209,19.673449858858405
0.75,0.0,4.4948738048933,10.425980775228464,13.426487885257892,15.10713354448259,19.683450803926526
0.755,0.0,4.583814122761347,10.434600616701374,13.351652591829616,15.155988113999216,19.69269881679723
0.76,0.0,4.6727384646606565,10.442722081526691,13.275636097701474,15.205862845484212,19.7011968754499
0.765,0.0,4.761645108845915,10.450335142654076,13.198699700044555,15.256494817482222,19.70894839011434
0.77,0.0,4.850532324177738,10.457427245248503,13.121053603165802,15.307673911273366,19.71595727952056
0.775,0.0,4.939398361803747,10.463982969766565,13.042870535938366,15.359229504401634,19.72222804918202
0.78,0.0,5.028241446872946,10.469983634099748,12.964295879078062,15.411020712755025,19.72776587191641
0.785,0.0,5.117059770179625,10.475406823092015,12.885455296790798,15.462929198439909,19.732576670732836
0.79,0.0,5.205851479638464,10.480225831592024,12.806460602226197,15.514853827949521,19.736667204142794
0.795,0.0,5.294614671486467,10.484409004758401,12.727414385904499,15.56670666785643,19.740045153878718
0.8,0.0,5.3833473811056916,10.487918956687864,12.648413791695948,15.61840995252549,19.742719214928492
0.805,0.0,5.472047573352768,10.490711645712786,12.569553722837359,15.669893763206307,19.744699187714424
0.81,0.0,5.56071313226999,10.492735282230203,12.490929688946757,15.721094231916215,19.745996072159297
0.8150000000000001,0.0,5.649341850043475,10.493929043236466,12.412640454523215,15.771952135768872,19.746622163295033
0.8200000000000001,0.0,5.737931415052673,10.494221567788117,12.334790612477452,15.822411784359062,19.74659114796853
0.8250000000000001,0.0,5.826479398837787,10.493529210990834,12.257493176687138,15.872420129108027,19.7459182020928
0.8300000000000001,0.0,5.91498324178267,10.49175404331333,12.180872259645518,15.921926042308971,19.74462008777349
0.835,0.0,6.003440237278369,10.488781600863858,12.10506586897128,15.970879727229988,19.74271524951212
0.84,0.0,6.091847514090149,10.484478426308367,12.03022881275005,16.019232230561283,19.74022390853808
0.845,0.0,6.180202016596075,10.478689496907503,11.95653563975959,16.06693503582421,19.737168154165353
0.85,0.0,6.26850048250005,10.471235725012813,11.884183446556058,16.113939721829116,19.733572030886588
0.855,0.0,6.356739417535543,10.461911846611997,11.813394249293031,16.16019767440708,19.729461619717874
0.86,0.0,6.44491506656383,10.450485190127466,11.744416438712651,16.205659842823966,19.724865112089084
0.865,0.0,6.533023380331748,10.436696032131678,11.677524620198618,16.25027653477369,19.719812874329097
0.87,0.0,6.621059976961247,10.420260462227487,11.613016923701714,16.293997245829406,19.714337500534267
0.875,0.0,6.70902009699971,10.400876812732216,11.551208733911036,16.336770520842286,19.70847385132578
0.88,0.0,6.796898550524375,10.378236619400298,11.492421879787782,16.37854384611481,19.70225907570741
0.885,0.0,6.8846896543415514,10.352040590333665,11.43696881133436,16.41926357228874,19.69573261293308
0.89,0.0,6.972387156701783,10.322019042327051,11.385132309408414,16.458874868845914,19.688936171001032
0.895,0.0,7.059984146077349,10.287954787985298,11.337142750681556,16.49732171190873,19.681913678119688
0.9,0.0,7.147472939311304,10.24970493928683,11.293156468381408,16.534546907687456,19.674711203262987
0.905,0.0,7.234844942652488,10.207217262816982,11.253239581399562,16.570492154426134,19.66737684178075
0.91,0.0,7.322090476546776,10.160537270443108,11.21736111820477,16.60509814603138,19.659960561983723
0.915,0.0,7.409198551064944,10.109804275349529,11.185397219654273,16.638304720713684,19.652514008724214
0.92,0.0,7.496156572711968,10.055237461218697,11.157145392910493,16.670051057873213,19.645090260286462
0.925,0.0,7.582949953668026,9.997115389155152,11.132345421427654,16.700275926098847,19.63774353543557
0.93,0.0,7.6695615787984,9.935753374514398,11.11070254401772,16.728917984468996,19.63052884828892
0.935,0.0,7.755971059526485,9.871482689397283,11.091909018570504,16.755916138317076,19.623501609819055
0.9400000000000001,0.0,7.842153658364244,9.804634177756306,11.075661600040004,16.78120994922425,19.616717176283718
0.9450000000000001,0.0,7.928078686767601,9.735527395972326,11.06167401747566,16.804740097228226,19.61023034673105
0.9500000000000001,0.0,8.013707027474247,9.664465369818398,11.049684708272926,16.826448891117902,19.60409481389987
0.9550000000000001,0.0,8.09898713566946,9.591734722250402,11.039460701076587,16.846280820272263,19.598362575293496
0.96,0.0,8.183848258712027,9.517611356984332,11.030798722815575,16.864183138906853,19.59308331381814
0.965,0.0,8.26818825609234,9.442373329386882,11.023524516832262,16.880106470960875,19.588303760036275
0.97,0.0,8.351850159609716,9.366325982583518,11.01749115433501,16.89400542136931,19.58406705056672
0.975,0.0,8.434573121706332,9.28985313976322,11.012576900365936,16.905839177337878,19.58041209929282
0.98,0.0,8.515878485793996,9.21353324675143,11.0086830064653,16.915572081696418,19.577372999563714
0.985,0.0,8.594767867322346,9.138443346276787,11.005731659930738,16.923174159666168,19.574978476298362
0.99,0.0,8.668781244143922,9.067102753504578,11.003664221601522,16.928621580598087,19.573251406647174
0.995,0.0,8.730577628436675,9.00689379125674,11.002439821535102,16.93189703754554,19.57220842653375
1.0,0.0,8.758445259757833,8.979552612919921,11.00203434503262,16.932990029921612,19.571859637970345
